action_norm_max_to_goal,action_norm_mean_to_goal,category,dataset,episode,eval_index,global_idx,goal_idx,goal_observation_dist,goal_pos_dist_max,goal_pos_dist_mean,goal_pos_dist_sum,goal_qpos_dist,goal_quat_dist_max,goal_quat_dist_mean,k1_success,k4_success,latent_mse_best,latent_mse_improvement_abs,latent_mse_improvement_rel,latent_mse_k1,latent_mse_k4,latent_oracle_depth_2pct,residual_max,residual_mean_k1,residual_mean_k4,seed,start_step
1.6493176656824502,1.1930403233416746,hard_both_fail,cube_single_dynamic_oracle,638,0,128267,128292,5.537323998227099,0.34678097821677706,0.34678097821677706,0.34678097821677706,1.4699038774137227,0.06616326456338002,0.06616326456338002,False,False,0.0026728734374046326,-5.010049790143967e-06,-0.0018744058907032013,0.0026728734374046326,0.0026778834871947765,1,0.00017159958952106535,0.00017159958952106535,1.0421896678991516e-10,42,29
1.5720713278428697,1.1894904080767938,easy_both_success,cube_single_dynamic_oracle,679,1,136513,136538,3.594345728205324,0.22171426571792158,0.22171426571792158,0.22171426571792158,0.8179678827120148,0.16599063163683314,0.16599063163683314,True,True,0.002506143879145384,3.645499236881733e-05,0.014337689615786076,0.002542598871514201,0.002506143879145384,1,0.0005108087789267302,0.0005108087789267302,1.1666955179734373e-09,42,34
1.595066193834937,1.0616228077600587,easy_both_success,cube_single_dynamic_oracle,859,2,172735,172760,1.4259436754919594,2.363586734540915e-12,2.363586734540915e-12,2.363586734540915e-12,0.2431790019780856,2.839973546525536e-11,2.839973546525536e-11,True,True,0.0016820775344967842,-4.146946594119072e-06,-0.0024653717409819365,0.0016820775344967842,0.0016862244810909033,1,1.5082159734447487e-05,1.5082159734447487e-05,1.2960017174018512e-12,42,76
1.3103005671829555,0.5566658530004684,easy_both_success,cube_single_dynamic_oracle,892,3,179377,179402,1.8053112913853284,0.0,0.0,0.0,0.5592262835298394,5.943919721225546e-17,5.943919721225546e-17,True,True,0.0017516971565783024,-2.5799963623285294e-06,-0.001472855219617486,0.0017516971565783024,0.001754277152940631,1,6.553466664627194e-05,6.553466664627194e-05,2.3662113934896922e-11,42,85
1.4617156939351332,0.775368402854321,easy_both_success,cube_single_dynamic_oracle,921,4,185182,185207,2.9171839251499354,0.07600112706613826,0.07600112706613826,0.07600112706613826,1.1640401383584504,0.018754131496626407,0.018754131496626407,True,True,0.0023171843495219946,1.5543075278401375e-05,0.0066630481742322445,0.002332727424800396,0.0023171843495219946,1,0.00010785029007820413,0.00010785029007820413,1.2012069561251337e-08,42,61
1.1632514888141647,0.7664286825203988,easy_both_success,cube_single_dynamic_oracle,941,5,189273,189298,3.443963788614947,0.2248113738452714,0.2248113738452714,0.2248113738452714,0.9800131781315056,0.02233845014021386,0.02233845014021386,True,True,0.0012880652211606503,2.9036658816039562e-05,0.02204587124288082,0.0013171018799766898,0.0012880652211606503,2,0.00027027662144973874,0.00027027662144973874,3.1569045988444344e-11,42,132
1.7135068933828832,0.8325150351691523,depth_hurt_k1_success_k4_fail,cube_single_dynamic_oracle,1281,6,257500,257525,4.0501950029683735,0.2434697527034916,0.2434697527034916,0.2434697527034916,1.2940610594822117,0.12395616837175968,0.12395616837175968,True,False,0.002026807516813278,2.849521115422249e-05,0.013864240609109402,0.0020553027279675007,0.002026807516813278,1,0.00011461049871286377,0.00011461049871286377,5.55645529587423e-11,42,19
1.279256537913939,0.6635360555186086,easy_both_success,cube_single_dynamic_oracle,1652,7,332101,332126,4.267773042083036,0.26830883474993145,0.26830883474993145,0.26830883474993145,1.206019445843609,0.05615271851791748,0.05615271851791748,True,True,0.0017020534723997116,4.351173993200064e-05,0.02492702007293701,0.0017455652123317122,0.0017020534723997116,2,0.0004976877826265991,0.0004976877826265991,4.2093972751899855e-09,42,49
1.0708642838418077,0.7508941766050445,easy_both_success,cube_single_dynamic_oracle,1825,8,366907,366932,1.956327407437702,0.0,0.0,0.0,0.43149909093942423,2.3729939931653693e-17,2.3729939931653693e-17,True,True,0.0019482371862977743,3.046973142772913e-05,0.015398283489048481,0.001978774555027485,0.0019483048235997558,1,7.50469189370051e-05,7.50469189370051e-05,6.508939498495181e-10,42,82
1.15806903417852,0.8847290687865798,depth_hurt_k1_success_k4_fail,cube_single_dynamic_oracle,2014,9,404927,404952,4.157472893659627,0.2643964898567556,0.2643964898567556,0.2643964898567556,1.095952391241893,0.02166957140537038,0.02166957140537038,True,False,0.0023012966848909855,-6.315996870398521e-05,-0.027445383369922638,0.0023012966848909855,0.0023644566535949707,1,0.0003559758188202977,0.0003559758188202977,4.4174427671350713e-07,42,113
1.150973402380406,0.7768897146609208,easy_both_success,cube_single_dynamic_oracle,2272,10,456735,456760,2.75678933433589,0.07155775038854745,0.07155775038854745,0.07155775038854745,1.2118996410998804,0.018047793119141727,0.018047793119141727,True,True,0.0018449581693857908,8.222414180636406e-07,0.0004454702720977366,0.0018457829719409347,0.001844960730522871,1,9.705625416245311e-06,9.705625416245311e-06,6.797525866839016e-13,42,63
1.0002981465824339,0.5862270655596007,hard_both_fail,cube_single_dynamic_oracle,2767,11,556268,556293,2.484989938881345,0.10771981077039793,0.10771981077039793,0.10771981077039793,0.9980510947011049,0.015918498637854692,0.015918498637854692,False,False,0.0026136047672480345,4.0900660678744316e-05,0.015408015809953213,0.002654505427926779,0.0026136047672480345,1,0.00012729305308312178,0.00012729305308312178,8.760944858465791e-09,42,101
1.254884247883626,0.8185666080865033,easy_both_success,cube_single_dynamic_oracle,3545,12,712588,712613,3.7241998986130946,0.24038318293286065,0.24038318293286065,0.24038318293286065,0.8950270901583701,0.045107750477737886,0.045107750477737886,True,True,0.001367795979604125,9.66817606240511e-05,0.06601791083812714,0.0014644777402281761,0.001367795979604125,2,0.00023173906083684415,0.00023173906083684415,7.184489669853633e-10,42,43
2.003626875294884,1.4140385757233713,easy_both_success,cube_single_dynamic_oracle,3707,13,745268,745293,1.520310201841632,2.7744116004366767e-09,2.7744116004366767e-09,2.7744116004366767e-09,0.4322222661108065,2.8669671078476897e-08,2.8669671078476897e-08,True,True,0.0037671737372875214,0.00016983551904559135,0.043138206005096436,0.003937009256333113,0.0037671737372875214,2,0.0002128287887899205,0.0002128287887899205,6.970205301826127e-09,42,161
1.3120451149697032,0.7617943957706342,hard_both_fail,cube_single_dynamic_oracle,4024,14,808839,808864,3.212731248091758,0.17449549728106983,0.17449549728106983,0.17449549728106983,1.1245233391635845,0.009241932136064914,0.009241932136064914,False,False,0.002330702729523182,-7.818196900188923e-05,-0.033544376492500305,0.002330702729523182,0.002408884698525071,1,0.000143656216096133,0.000143656216096133,1.4333969566848737e-09,42,15
0.9541570337638551,0.6116610594276837,easy_both_success,cube_single_dynamic_oracle,4330,15,870336,870361,2.9799601377396288,0.025664437929222485,0.025664437929222485,0.025664437929222485,1.1967257233932855,0.01570574692185793,0.01570574692185793,True,True,0.0020415838807821274,1.565227285027504e-05,0.007608398795127869,0.0020572361536324024,0.0020415838807821274,1,0.00016893315478228033,0.00016893315478228033,5.284176429753984e-10,42,6
1.2574795762472177,1.0429943505116874,easy_both_success,cube_single_dynamic_oracle,4388,16,882105,882130,2.2818465858416457,0.13530669404435672,0.13530669404435672,0.13530669404435672,0.4685172019305888,0.023105381578565624,0.023105381578565624,True,True,0.0014899367233738303,-1.3181590475142002e-05,-0.00884708110243082,0.0014899367233738303,0.0015031183138489723,1,0.00018893001833930612,0.00018893001833930612,2.9673755119752343e-10,42,117
1.6780178168909279,1.2393638819484272,hard_both_fail,cube_single_dynamic_oracle,4434,17,891249,891274,4.07036281889952,0.17462972206715402,0.17462972206715402,0.17462972206715402,1.9849534178437644,0.39217881299461144,0.39217881299461144,False,False,0.0027308515273034573,-2.600718289613724e-07,-9.523470362182707e-05,0.0027308515273034573,0.0027311115991324186,1,5.157656232768204e-06,5.157656232768204e-06,4.310058386580717e-12,42,15
1.3302118198611805,0.7702994023513264,easy_both_success,cube_single_dynamic_oracle,4456,18,895808,895833,3.2746972250660513,0.005939809316577604,0.005939809316577604,0.005939809316577604,1.3780727148909961,0.00905110290069068,0.00905110290069068,True,True,0.002243449678644538,1.229485496878624e-05,0.005450266879051924,0.0022558262571692467,0.0022435314022004604,1,8.483999408781528e-05,8.483999408781528e-05,5.392042923269003e-10,42,152
0.9883633583188116,0.6286526745077363,easy_both_success,cube_single_dynamic_oracle,4503,19,905240,905265,3.7087986082312985,0.2000714072385477,0.2000714072385477,0.2000714072385477,1.0718689181390217,0.01846061269350296,0.01846061269350296,True,True,0.001496699871495366,4.227505996823311e-06,0.002816596068441868,0.0015009273774921894,0.001496699871495366,1,0.00010290488717146218,0.00010290488717146218,2.1879989486883744e-10,42,137
0.8425174833355722,0.44235902362515583,easy_both_success,cube_single_dynamic_oracle,4504,20,905399,905424,2.719531348834553,0.023300004580175414,0.023300004580175414,0.023300004580175414,1.1183416682533651,0.015524619754763333,0.015524619754763333,True,True,0.0013244925066828728,4.036352038383484e-06,0.003038211725652218,0.0013285288587212563,0.0013244925066828728,1,6.279254739638418e-05,6.279254739638418e-05,1.1269145203584782e-13,42,95
1.353431437742897,1.0239053960846913,easy_both_success,cube_single_dynamic_oracle,5003,21,1005679,1005704,1.5778064261541236,8.611983195540143e-12,8.611983195540143e-12,8.611983195540143e-12,0.20664944101532948,1.2440464581027055e-10,1.2440464581027055e-10,True,True,0.002478921553120017,-1.5648547559976578e-06,-0.0006312643527053297,0.002478921553120017,0.0024804864078760147,1,4.260935747879557e-05,4.260935747879557e-05,3.647270853390783e-12,42,76
1.755696290390395,1.2345561241666396,depth_helped_k1_fail_k4_success,cube_single_dynamic_oracle,5132,22,1031561,1031586,4.754937875497084,0.30847637488027446,0.30847637488027446,0.30847637488027446,0.9846156318078892,0.17089508275196968,0.17089508275196968,False,True,0.002329910174012184,-6.528222002089024e-05,-0.028019201010465622,0.002329910174012184,0.0023951923940330744,1,0.0004289865610189736,0.0004289865610189736,5.817996751034116e-09,42,29
1.2059712689663038,1.0369096339873807,easy_both_success,cube_single_dynamic_oracle,5264,23,1058181,1058206,3.315475230806508,0.20505559429938058,0.20505559429938058,0.20505559429938058,0.8002813262347207,0.022236097438830302,0.022236097438830302,True,True,0.0012416732497513294,4.735775291919708e-06,0.0037987888790667057,0.001246653962880373,0.0012419181875884533,1,0.0002773695159703493,0.0002773695159703493,1.3187938241454589e-10,42,117
1.4056766001214578,1.0853667311442985,easy_both_success,cube_single_dynamic_oracle,5454,24,1096293,1096318,3.132417210304425,0.19199065947336108,0.19199065947336108,0.19199065947336108,0.7102142230604991,0.05113969300185637,0.05113969300185637,True,True,0.0023109661415219307,8.166092447936535e-05,0.034019749611616135,0.0024003975559026003,0.002318736631423235,2,0.0004245246236678213,0.0004245246236678213,3.4351873523519316e-07,42,39
1.1310914084217087,0.6076068156618364,easy_both_success,cube_single_dynamic_oracle,5545,25,1114684,1114709,3.5454715507575694,0.192020928461916,0.192020928461916,0.192020928461916,1.0957222865092129,0.020818659278249742,0.020818659278249742,True,True,0.0019615949131548405,-5.334382876753807e-06,-0.0027194111607968807,0.0019615949131548405,0.0019669292960315943,1,0.0001766856003087014,0.0001766856003087014,7.299558180129395e-10,42,139
1.3260332781586508,0.6690844142150197,easy_both_success,cube_single_dynamic_oracle,6316,26,1269622,1269647,3.3800570417047338,0.18555786223314644,0.18555786223314644,0.18555786223314644,1.227949332965809,0.024377259015338278,0.024377259015338278,True,True,0.0016039391048252583,1.328461803495884e-05,0.00821445882320404,0.001617223722860217,0.0016039391048252583,1,5.843887265655212e-05,5.843887265655212e-05,3.0447649956855116e-10,42,106
1.1377478210365783,0.6880738029166389,hard_both_fail,cube_single_dynamic_oracle,6438,27,1294136,1294161,2.688302876213335,0.11400335384405384,0.11400335384405384,0.11400335384405384,1.0720881312887003,0.017106495941476573,0.017106495941476573,False,False,0.001639879192225635,1.4211982488632202e-06,0.000865864334627986,0.0016413636039942503,0.001639942405745387,1,4.686287138611078e-05,4.686287138611078e-05,1.0332425019743408e-11,42,98
1.0031445429627375,0.6269246265875059,easy_both_success,cube_single_dynamic_oracle,6545,28,1315639,1315664,3.421103069270836,0.006994321530545226,0.006994321530545226,0.006994321530545226,1.339748600765135,0.027288007413094912,0.027288007413094912,True,True,0.0015017034020274878,1.147598959505558e-05,0.00758402468636632,0.0015131793916225433,0.0015017034020274878,1,0.00016099766071420163,0.00016099766071420163,6.232700466846097e-10,42,94
1.5632807946187945,1.2410063636843847,easy_both_success,cube_single_dynamic_oracle,6779,29,1362611,1362636,2.521554137133329,0.10122016463434778,0.10122016463434778,0.10122016463434778,0.8315293313236448,0.3319871171388922,0.3319871171388922,True,True,0.0031419447623193264,-0.0001445855014026165,-0.046017836779356,0.0031419447623193264,0.003286530263721943,1,0.000766671437304467,0.000766671437304467,7.321023076656274e-08,42,32
1.0480829637286861,0.6542227432313789,easy_both_success,cube_single_dynamic_oracle,6973,30,1401662,1401687,2.918961367620764,0.004345055949200767,0.004345055949200767,0.004345055949200767,1.3844928809109218,0.005043560472020008,0.005043560472020008,True,True,0.0015211960999295115,-1.1665979400277138e-06,-0.0007668951875530183,0.0015211960999295115,0.0015223626978695393,1,2.9904909752076492e-05,2.9904909752076492e-05,3.927348030119404e-12,42,89
1.6497301277008756,1.3431844174739682,hard_both_fail,cube_single_dynamic_oracle,7005,31,1408039,1408064,5.47765712816812,0.3721868093010369,0.3721868093010369,0.3721868093010369,1.0249505492434496,0.08451395614938184,0.08451395614938184,False,False,0.004497171845287085,6.31473958492279e-05,0.013808333314955235,0.004573136568069458,0.00450998917222023,1,0.0004985491978004575,0.0004985491978004575,1.1409481359692109e-08,42,34
1.2072631310867146,0.8234450937721008,easy_both_success,cube_single_dynamic_oracle,7174,32,1442084,1442109,4.471953271785078,0.2830968776887556,0.2830968776887556,0.2830968776887556,1.257580273050997,0.019802343064235728,0.019802343064235728,True,True,0.0020366234239190817,-3.3085234463214874e-07,-0.0001624514115974307,0.0020366234239190817,0.002036954276263714,1,4.3729436583817005e-05,4.3729436583817005e-05,2.0543275414119933e-11,42,110
1.6189836507321766,1.2607105355355959,easy_both_success,cube_single_dynamic_oracle,7357,33,1478821,1478846,3.83625828231912,0.03363439867616093,0.03363439867616093,0.03363439867616093,1.49919313435927,0.22107365402889684,0.22107365402889684,True,True,0.002735014073550701,-6.4354389905929565e-06,-0.0023457251954823732,0.0027434751391410828,0.0027499105781316757,1,0.00021282436500769109,0.00021282436500769109,3.8282962577795843e-07,42,64
1.6426540608624727,0.8144883952356534,easy_both_success,cube_single_dynamic_oracle,7580,34,1523727,1523752,3.1116853940548825,0.1442680786039807,0.1442680786039807,0.1442680786039807,0.9976345609550965,0.01773198591665602,0.01773198591665602,True,True,0.001987484050914645,-1.3093464076519012e-05,-0.006587959360331297,0.001987484050914645,0.002000577514991164,1,0.0001393826969433576,0.0001393826969433576,5.703061356499006e-10,42,147
1.3022377617014769,0.943049764951487,easy_both_success,cube_single_dynamic_oracle,7611,35,1529852,1529877,2.6773394876728354,0.16462262808884298,0.16462262808884298,0.16462262808884298,0.7153181331789249,0.14426275634818386,0.14426275634818386,True,True,0.0018796654185280204,-3.629317507147789e-05,-0.019308317452669144,0.0018796654185280204,0.0019159585935994983,1,0.00032891525188460946,0.00032891525188460946,1.5696566268985634e-10,42,41
1.3727202110988963,0.759485689509622,easy_both_success,cube_single_dynamic_oracle,7739,36,1555599,1555624,3.217389045778109,0.07721505450002854,0.07721505450002854,0.07721505450002854,1.2403587469982502,0.02110066380339333,0.02110066380339333,True,True,0.0027384802233427763,4.2084138840436935e-06,0.0015344118000939488,0.00274268863722682,0.0027384802233427763,1,1.019615592667833e-05,1.019615592667833e-05,2.045307282913522e-12,42,60
1.9853579325758655,0.7207408140128858,easy_both_success,cube_single_dynamic_oracle,7783,37,1564529,1564554,2.936361940537559,0.06356479016188145,0.06356479016188145,0.06356479016188145,1.1365748601657524,0.006877435114040855,0.006877435114040855,True,True,0.002420848235487938,-2.4341046810150146e-05,-0.010054759681224823,0.002420848235487938,0.002445189282298088,1,6.811073399148881e-05,6.811073399148881e-05,5.009520576138016e-11,42,146
1.1246404674366315,0.7177167668053599,hard_both_fail,cube_single_dynamic_oracle,7815,38,1570913,1570938,2.6297793850490248,0.11577256363058429,0.11577256363058429,0.11577256363058429,0.9999109980821125,0.021652570693037623,0.021652570693037623,False,False,0.0016101845540106297,5.408329889178276e-05,0.032496750354766846,0.0016642678529024124,0.0016101845540106297,2,0.00011417256610002369,0.00011417256610002369,1.206020006083719e-10,42,98
1.6368716704345594,0.9160770924113847,easy_both_success,cube_single_dynamic_oracle,7860,39,1579945,1579970,2.432681311168039,0.0,0.0,0.0,0.6855349125808107,2.1609827224201684e-17,2.1609827224201684e-17,True,True,0.0033850083127617836,1.1709751561284065e-05,0.003447371767833829,0.003396718529984355,0.003385008778423071,1,6.754061905667186e-05,6.754061905667186e-05,7.236782353925442e-12,42,85
1.5248307071160794,0.6493306699351353,easy_both_success,cube_single_dynamic_oracle,8227,40,1653716,1653741,3.819892361726013,0.006168099201506499,0.006168099201506499,0.006168099201506499,1.304390094443309,0.013038280663429594,0.013038280663429594,True,True,0.0012832110514864326,8.732895366847515e-06,0.006759500131011009,0.00129194394685328,0.0012832110514864326,1,8.00151756266132e-05,8.00151756266132e-05,5.731928820473797e-12,42,89
0.9568264568006327,0.6856951347887749,hard_both_fail,cube_single_dynamic_oracle,8276,41,1663520,1663545,3.763033057437003,0.23726228392406548,0.23726228392406548,0.23726228392406548,0.8787456116198906,0.19135733018634854,0.19135733018634854,False,False,0.0033224569633603096,1.936289481818676e-05,0.005794116761535406,0.0033418198581784964,0.0033224569633603096,1,0.00033966387854889035,0.00033966387854889035,1.4097624179143509e-09,42,44
1.560020829015188,0.5846121710795585,easy_both_success,cube_single_dynamic_oracle,8397,42,1687855,1687880,2.6711775538811673,0.07102016952307118,0.07102016952307118,0.07102016952307118,1.0675730802623498,0.01040582060472769,0.01040582060472769,True,True,0.0023805294185876846,-2.1667219698429108e-06,-0.0009101849282160401,0.0023805294185876846,0.0023826961405575275,1,4.924745735479519e-05,4.924745735479519e-05,2.030525541544398e-13,42,58
1.2730683132123057,0.7223350911722585,easy_both_success,cube_single_dynamic_oracle,8582,43,1725130,1725155,3.0979680754991827,0.04304141893708068,0.04304141893708068,0.04304141893708068,1.2641942966047064,0.014414736671523239,0.014414736671523239,True,True,0.006399191450327635,3.4934841096401215e-05,0.005427440628409386,0.006436706520617008,0.006401771679520607,1,7.07703220541589e-05,7.07703220541589e-05,1.1329193139175686e-09,42,148
1.2641762201787805,0.7281061404717442,easy_both_success,cube_single_dynamic_oracle,8585,44,1725718,1725743,4.3270221890090115,0.27296401617803695,0.27296401617803695,0.27296401617803695,1.2742750195022832,0.05353383600568698,0.05353383600568698,True,True,0.005618525203317404,7.95908272266388e-06,0.001410681870765984,0.005642011296004057,0.005634052213281393,1,0.0001971512974705547,0.0001971512974705547,8.025422104651625e-09,42,133
1.0365439255341307,0.6413577185088117,easy_both_success,cube_single_dynamic_oracle,8878,45,1784621,1784646,2.9046401056322075,0.13490370527020423,0.13490370527020423,0.13490370527020423,1.06716383577888,0.011223694786400883,0.011223694786400883,True,True,0.0015938079450279474,-1.5708385035395622e-05,-0.009855883195996284,0.0015938079450279474,0.001609516330063343,1,0.00016774944378994405,0.00016774944378994405,5.956222320913085e-11,42,143
1.7721365551054415,1.1815090715908503,hard_both_fail,cube_single_dynamic_oracle,8931,46,1795165,1795190,3.065990307634629,0.1896928430139355,0.1896928430139355,0.1896928430139355,0.6261025081468173,0.07651925858699472,0.07651925858699472,False,False,0.004264971241354942,4.687253385782242e-05,0.010867374017834663,0.004313142504543066,0.004266269970685244,1,0.00029293817351572216,0.00029293817351572216,1.0069419603686569e-10,42,34
1.3943839381984988,0.6983554820428212,easy_both_success,cube_single_dynamic_oracle,9267,47,1862756,1862781,3.4502062560137183,0.0015382908975175831,0.0015382908975175831,0.0015382908975175831,1.2728332797155022,0.01175947375168251,0.01175947375168251,True,True,0.001579592004418373,8.821487426757812e-06,0.005553462076932192,0.0015884663444012403,0.0015796448569744825,1,8.992827497422695e-05,8.992827497422695e-05,4.3204750888037324e-10,42,89
1.3990662584206173,0.9360956572444141,easy_both_success,cube_single_dynamic_oracle,9706,48,1951073,1951098,1.815205598016911,3.808239201451685e-15,3.808239201451685e-15,3.808239201451685e-15,0.06899516462279576,2.145566553217562e-14,2.145566553217562e-14,True,True,0.002037426922470331,-6.5588392317295074e-06,-0.0032191777136176825,0.002037426922470331,0.0020439857617020607,1,7.646925223525614e-05,7.646925223525614e-05,7.669073015525996e-11,42,167
1.6229642735453376,1.1552755502192675,easy_both_success,cube_single_dynamic_oracle,9756,49,1960957,1960982,3.9078517069076724,0.008362081683937003,0.008362081683937003,0.008362081683937003,1.7699176693562688,0.16781990270903274,0.16781990270903274,True,True,0.002361711347475648,6.087822839617729e-06,0.002571089193224907,0.0023677991703152657,0.002361711347475648,1,2.5222774638677947e-05,2.5222774638677947e-05,4.306710370272082e-12,42,1
0.9999291223407644,0.609853031791408,easy_both_success,cube_single_dynamic_oracle,40,0,8176,8201,3.153613670660676,0.17468608291075507,0.17468608291075507,0.17468608291075507,1.1019863194728334,0.011206846382323322,0.011206846382323322,True,True,0.003625733545050025,3.66398598998785e-05,0.009952192194759846,0.0036815868224948645,0.003644946962594986,1,0.0003999355831183493,0.0003999355831183493,1.1234660490799797e-07,43,136
1.1573636489667052,0.7178934636717089,easy_both_success,cube_single_dynamic_oracle,140,1,28229,28254,3.495798624408961,0.0,0.0,0.0,1.042398234021341,4.1123540853109756e-17,4.1123540853109756e-17,True,True,0.0017624122556298971,4.503841046243906e-05,0.024918196722865105,0.0018074506660923362,0.0017624122556298971,2,0.00014620745787397027,0.00014620745787397027,8.096214809683033e-10,43,89
1.178795080756684,0.7837084047623049,easy_both_success,cube_single_dynamic_oracle,200,2,40251,40276,4.339741655541552,0.27180811532189875,0.27180811532189875,0.27180811532189875,1.1649131286326522,0.05878931206834531,0.05878931206834531,True,True,0.0025020302273333073,2.8883572667837143e-05,0.011412309482693672,0.0025309138000011444,0.0025020302273333073,1,0.00020928459707647562,0.00020928459707647562,1.7777299077259556e-10,43,51
1.117768825654561,0.8627994521925397,easy_both_success,cube_single_dynamic_oracle,437,3,87967,87992,3.3585813931943735,0.21895673194739632,0.21895673194739632,0.21895673194739632,0.9088267851818514,0.020143044295257036,0.020143044295257036,True,True,0.0029655888210982084,2.9110582545399666e-05,0.009720702655613422,0.002994699403643608,0.0029655888210982084,1,0.00025112260482273996,0.00025112260482273996,3.459986117060332e-11,43,130
1.5381067541289903,1.0251999010194783,hard_both_fail,cube_single_dynamic_oracle,1472,4,295897,295922,4.716446962655486,0.29046812319090914,0.29046812319090914,0.29046812319090914,1.185483319213312,0.15085383626918272,0.15085383626918272,False,False,0.0012954894918948412,-4.8928079195320606e-05,-0.03776802495121956,0.0012954894918948412,0.0013444175710901618,1,0.00012872212391812354,0.00012872212391812354,1.5046199841606267e-09,43,25
1.7669832296270058,1.20905215792349,easy_both_success,cube_single_dynamic_oracle,1893,5,380657,380682,2.20694554539119,8.125037770867838e-11,8.125037770867838e-11,8.125037770867838e-11,0.5577757569081965,1.6989337803747618e-09,1.6989337803747618e-09,True,True,0.0030388967134058475,0.00011715944856405258,0.037122104316949844,0.0031560561619699,0.0030388967134058475,2,0.0001475895696785301,0.0001475895696785301,5.825011157867266e-07,43,164
1.1444442878849477,0.7235957419144516,easy_both_success,cube_single_dynamic_oracle,2247,6,451647,451672,3.51306758799815,3.927528687918541e-05,3.927528687918541e-05,3.927528687918541e-05,1.148155262833586,3.4844430369209546e-17,3.4844430369209546e-17,True,True,0.0010628725867718458,4.134839400649071e-06,0.0038751738611608744,0.0010670074261724949,0.0010628725867718458,1,9.300508827436715e-05,9.300508827436715e-05,2.9686531011208217e-12,43,0
1.7532982452718406,0.7959645782316334,easy_both_success,cube_single_dynamic_oracle,2636,7,529989,530014,2.7109509522659816,0.007458222591670619,0.007458222591670619,0.007458222591670619,1.2020627044777659,0.005759908804555878,0.005759908804555878,True,True,0.0020415098406374454,-0.00026795221492648125,-0.1312519758939743,0.0020415098406374454,0.0023094620555639267,1,0.00011021741374861449,0.00011021741374861449,1.0046335319202626e-07,43,153
1.0977393306494112,0.6152780315864287,hard_both_fail,cube_single_dynamic_oracle,2738,8,550350,550375,2.7452605745415157,0.09478780049840677,0.09478780049840677,0.09478780049840677,1.0813658803626593,0.02105324930111053,0.02105324930111053,False,False,0.0023208511993288994,1.7881393432617188e-07,7.704077142989263e-05,0.0023210300132632256,0.0023208511993288994,1,8.810275903670117e-05,8.810275903670117e-05,2.3710725223502482e-12,43,12
1.216271485230963,1.0317911382633764,easy_both_success,cube_single_dynamic_oracle,2765,9,555886,555911,1.860075840472969,0.08276094621786567,0.08276094621786567,0.08276094621786567,0.22954379692533772,0.02550581213383548,0.02550581213383548,True,True,0.0014387600822374225,-0.00012584042269736528,-0.08746449649333954,0.0014387600822374225,0.0015646005049347878,1,0.00044974577031098306,0.00044974577031098306,8.856531508172338e-09,43,121
1.4008468522429356,0.6325711062441952,easy_both_success,cube_single_dynamic_oracle,2785,10,559838,559863,3.4589422681247854,0.19269036629041547,0.19269036629041547,0.19269036629041547,1.0294499188436048,0.04871483330865185,0.04871483330865185,True,True,0.0033503063023090363,-1.3405457139015198e-05,-0.004001263063400984,0.0033503063023090363,0.0033637117594480515,1,0.0004411744885146618,0.0004411744885146618,1.0791707805157813e-11,43,53
1.541889608242187,1.2460985556216109,easy_both_success,cube_single_dynamic_oracle,2786,11,560037,560062,4.9207450470685865,0.2432176818417275,0.2432176818417275,0.2432176818417275,2.1173437457115143,0.5840446410887526,0.5840446410887526,True,True,0.005189645104110241,1.6947276890277863e-05,0.0032530210446566343,0.005209703929722309,0.005192756652832031,1,0.00022424801136367023,0.00022424801136367023,4.7187906915269195e-09,43,51
1.2896263339312266,1.1018957744531013,easy_both_success,cube_single_dynamic_oracle,3089,12,620925,620950,2.9966913601898924,0.1689984562142156,0.1689984562142156,0.1689984562142156,0.5842487703201437,0.034247313218726996,0.034247313218726996,True,True,0.004036618396639824,-6.278231739997864e-05,-0.015553195960819721,0.004036618396639824,0.0040994007140398026,1,0.00021330403978936374,0.00021330403978936374,2.129965537278622e-08,43,36
1.814956855541413,0.8548790662454486,easy_both_success,cube_single_dynamic_oracle,3799,13,763749,763774,3.4570404626499465,0.042124026060508045,0.042124026060508045,0.042124026060508045,1.1687606337907201,0.015325907897847345,0.015325907897847345,True,True,0.003017755690962076,-1.2152828276157379e-05,-0.004027108196169138,0.003017755690962076,0.0030299085192382336,1,5.271173358778469e-05,5.271173358778469e-05,9.265764544519328e-11,43,150
1.190406933886632,0.7730919301906667,easy_both_success,cube_single_dynamic_oracle,3889,14,781818,781843,2.9757059007648117,0.18557546619027965,0.18557546619027965,0.18557546619027965,0.7206707275103205,0.01603607306895137,0.01603607306895137,True,True,0.0012474835384637117,1.3670651242136955e-06,0.001094658626243472,0.0012488506035879254,0.0012474835384637117,1,6.737327203154564e-05,6.737327203154564e-05,5.876689326139717e-12,43,129
1.3977719884492814,0.8069194753111377,easy_both_success,cube_single_dynamic_oracle,3996,15,803348,803373,3.048519724865798,0.006416238924574125,0.006416238924574125,0.006416238924574125,1.3296738982830718,0.00941245498156881,0.00941245498156881,True,True,0.0019288709154352546,-1.5068799257278442e-06,-0.0007812238181941211,0.0019288709154352546,0.0019303777953609824,1,3.098657907685265e-05,3.098657907685265e-05,4.353994161737651e-12,43,152
1.573247755224831,0.9564066038584166,easy_both_success,cube_single_dynamic_oracle,4012,16,806580,806605,1.2586780809310663,0.0,0.0,0.0,0.18692611187052482,6.222639366963288e-17,6.222639366963288e-17,True,True,0.002019146690145135,8.527887985110283e-06,0.004205747973173857,0.002027674578130245,0.002019146690145135,1,2.8395215849741362e-05,2.8395215849741362e-05,8.380579216704653e-12,43,168
1.2257539311657648,1.0195420828171988,easy_both_success,cube_single_dynamic_oracle,4199,17,844122,844147,1.1222382831297637,0.02070873935565071,0.02070873935565071,0.02070873935565071,0.05190113433535933,0.020300099062412015,0.020300099062412015,True,True,0.0014785702805966139,1.4171237125992775e-06,0.0009569390676915646,0.001480892300605774,0.0014794751768931746,1,0.00020269937522243708,0.00020269937522243708,3.0202071399365593e-10,43,123
1.4912447096436512,0.8987664036191718,easy_both_success,cube_single_dynamic_oracle,4219,18,848185,848210,1.485566139502639,0.0,0.0,0.0,0.3375514108381344,3.409546355710376e-17,3.409546355710376e-17,True,True,0.0017700180178508162,-4.653818905353546e-06,-0.002629249356687069,0.0017700180178508162,0.0017746718367561698,1,6.038269930286333e-05,6.038269930286333e-05,3.831331085724088e-12,43,166
1.2786404565325244,0.8589924895362945,easy_both_success,cube_single_dynamic_oracle,4224,19,849045,849070,4.4860840918809455,0.2714502176115065,0.2714502176115065,0.2714502176115065,1.334251795055971,0.035498722261110054,0.035498722261110054,True,True,0.002638588659465313,-0.00018451525829732418,-0.06992952525615692,0.002638588659465313,0.002823103917762637,1,8.643752516945824e-05,8.643752516945824e-05,4.2056154114789024e-08,43,21
1.498530504998489,1.0720378786003064,hard_both_fail,cube_single_dynamic_oracle,4510,20,906551,906576,4.754900874927658,0.32080385022714375,0.32080385022714375,0.32080385022714375,0.9388387937228916,0.07301294557416624,0.07301294557416624,False,False,0.0012838423717767,-3.228161949664354e-05,-0.025144534185528755,0.0012838423717767,0.0013161239912733436,1,0.0006937563302926719,0.0006937563302926719,2.227758644224309e-09,43,41
0.9591329666132948,0.6053543361528386,easy_both_success,cube_single_dynamic_oracle,4568,21,918341,918366,3.3756773008902536,0.0,0.0,0.0,1.3066682388913962,4.2988591845926116e-17,4.2988591845926116e-17,True,True,0.0014178301207721233,-9.95909795165062e-06,-0.007024182938039303,0.0014178301207721233,0.001427789218723774,1,9.509366645943373e-05,9.509366645943373e-05,4.5998054254425824e-09,43,173
1.1841360966649643,0.9283257391143508,easy_both_success,cube_single_dynamic_oracle,4644,22,933570,933595,2.6899045833648185,0.12754174395573498,0.12754174395573498,0.12754174395573498,0.7056248816929144,0.033965164558462546,0.033965164558462546,True,True,0.0015564840286970139,1.119985245168209e-05,0.007144203409552574,0.001567683881148696,0.0015564840286970139,1,0.0002526843745727092,0.0002526843745727092,2.0349355533966218e-10,43,126
1.232833911873065,0.6191044076426355,easy_both_success,cube_single_dynamic_oracle,4699,23,944674,944699,3.2952655743322383,0.0,0.0,0.0,1.0816185355089574,1.4399992452563084e-17,1.4399992452563084e-17,True,True,0.001777714118361473,-1.9976869225502014e-06,-0.0011237391736358404,0.001777714118361473,0.0017797118052840233,1,4.712410009233281e-05,4.712410009233281e-05,1.3710404339617455e-11,43,175
1.8250864566515927,0.8717679951287108,easy_both_success,cube_single_dynamic_oracle,4854,24,975805,975830,3.2558534343638326,0.04210023474676344,0.04210023474676344,0.04210023474676344,1.3696233835181741,0.019397894688566016,0.019397894688566016,True,True,0.004501380026340485,-5.982816219329834e-06,-0.0013291070936247706,0.004501380026340485,0.0045073628425598145,1,0.00016928857075981796,0.00016928857075981796,3.0890934255012326e-09,43,151
1.2518194948809311,0.7596457447396268,hard_both_fail,cube_single_dynamic_oracle,5053,25,1015669,1015694,3.3822488037077667,0.1896169628830255,0.1896169628830255,0.1896169628830255,1.130486987878217,0.0322411439830772,0.0322411439830772,False,False,0.0019236351363360882,3.569154068827629e-05,0.018216228112578392,0.0019593266770243645,0.0019236351363360882,1,0.00015303104009944946,0.00015303104009944946,2.748928373819126e-08,43,16
1.6878375118118343,1.390100312635477,easy_both_success,cube_single_dynamic_oracle,5351,26,1075594,1075619,4.291921416605368,0.21243519857230062,0.21243519857230062,0.21243519857230062,2.0465396810762666,0.7918852232984858,0.7918852232984858,True,True,0.005306735634803772,4.181778058409691e-05,0.007818521931767464,0.005348553415387869,0.005306735634803772,1,0.0002638698206283152,0.0002638698206283152,1.6727085272449926e-09,43,43
1.2021304091950131,0.8124928003123896,easy_both_success,cube_single_dynamic_oracle,5478,27,1101191,1101216,3.832216921290189,0.23710395746298987,0.23710395746298987,0.23710395746298987,1.20364197254682,0.2730393971705986,0.2730393971705986,True,True,0.002384035848081112,-4.570465534925461e-07,-0.0001917112822411582,0.002384035848081112,0.0023844928946346045,1,2.404878250672482e-05,2.404878250672482e-05,2.2572855043478945e-12,43,113
1.7674111749448438,1.2349324065218799,easy_both_success,cube_single_dynamic_oracle,5771,28,1160037,1160062,2.738469748486524,0.009297468810449626,0.009297468810449626,0.009297468810449626,1.1939781998342145,0.0026511401705492433,0.0026511401705492433,True,True,0.024321213364601135,0.00020373612642288208,0.008307300508022308,0.024524949491024017,0.024321213364601135,1,8.397382771363482e-05,8.397382771363482e-05,1.1010261147248457e-08,43,66
1.3319066140176108,0.688912593515727,easy_both_success,cube_single_dynamic_oracle,5871,29,1180122,1180147,4.23939708032903,0.2386254633715627,0.2386254633715627,0.2386254633715627,1.2473900098335735,0.11108391947940742,0.11108391947940742,True,True,0.002028266666457057,1.3587530702352524e-05,0.006654506083577871,0.0020418541971594095,0.002028266666457057,1,0.00014433031901717186,0.00014433031901717186,9.411131596248623e-11,43,51
1.029586061222221,0.7303058823982427,easy_both_success,cube_single_dynamic_oracle,5931,30,1192258,1192283,2.1226333457006037,0.10092392454170755,0.10092392454170755,0.10092392454170755,0.45401665230103877,0.025036170631089198,0.025036170631089198,True,True,0.0018148086965084076,-2.492580097168684e-05,-0.013734671287238598,0.0018148086965084076,0.0018397344974800944,1,0.0002520910056773573,0.0002520910056773573,6.942723063119161e-10,43,127
1.2726236931357704,1.021428911311073,easy_both_success,cube_single_dynamic_oracle,6392,31,1284916,1284941,1.919331226834614,0.09162156442898643,0.09162156442898643,0.09162156442898643,0.4465042220722426,0.02758514243498233,0.02758514243498233,True,True,0.004999019205570221,6.437860429286957e-05,0.01271450612694025,0.0050633978098630905,0.004999019205570221,1,0.00030258833430707455,0.00030258833430707455,2.7323704188120246e-08,43,124
0.7940748620344337,0.5247509831543476,easy_both_success,cube_single_dynamic_oracle,6522,32,1311064,1311089,2.441457981348965,0.10932730190830667,0.10932730190830667,0.10932730190830667,1.0615458800669384,0.013719497887680744,0.013719497887680744,True,True,0.0025745942257344723,7.583294063806534e-07,0.00029444994288496673,0.002575410297140479,0.0025746519677340984,1,1.8357217413722537e-05,1.8357217413722537e-05,7.429995854679738e-12,43,142
1.4693462663471093,0.7603379268052527,easy_both_success,cube_single_dynamic_oracle,7002,33,1407402,1407427,3.9191516330279814,3.927528687918888e-05,3.927528687918888e-05,3.927528687918888e-05,1.156286575568848,1.8546981915704365e-17,1.8546981915704365e-17,True,True,0.0030389423482120037,1.7710495740175247e-05,0.005794081371277571,0.003056652843952179,0.0030389423482120037,1,0.00010145218402612954,0.00010145218402612954,4.5770574830239497e-11,43,0
1.1739170698464816,0.6576955733378049,depth_helped_k1_fail_k4_success,cube_single_dynamic_oracle,7517,34,1511051,1511076,4.058256306837312,0.2609020197450617,0.2609020197450617,0.2609020197450617,1.0549393654217156,0.01716029054896235,0.01716029054896235,False,True,0.004726514220237732,-4.2848289012908936e-05,-0.009065515361726284,0.004726514220237732,0.004769362509250641,1,0.0001466981484554708,0.0001466981484554708,1.3283352195969655e-10,43,134
1.7489134770364778,0.7315895094596315,easy_both_success,cube_single_dynamic_oracle,7767,35,1561226,1561251,3.108713994255044,0.06899497071409645,0.06899497071409645,0.06899497071409645,1.163545764638537,0.009806830431309114,0.009806830431309114,True,True,0.0018337932415306568,-2.6930589228868484e-05,-0.014685728587210178,0.0018337932415306568,0.0018607238307595253,1,0.00012943145702593029,0.00012943145702593029,1.6023862792202692e-10,43,59
2.003781938067314,0.8601515740348404,easy_both_success,cube_single_dynamic_oracle,8246,36,1657596,1657621,4.000365854786696,0.061385663317885426,0.061385663317885426,0.061385663317885426,1.2745767175385854,0.015799515791817667,0.015799515791817667,True,True,0.0026584933511912823,2.7036527171730995e-05,0.01006748341023922,0.0026855298783630133,0.0026584933511912823,1,6.134176510386169e-05,6.134176510386169e-05,2.2536938981687626e-09,43,150
1.8800159897724236,0.890684832393823,easy_both_success,cube_single_dynamic_oracle,8381,37,1684754,1684779,2.928597324561151,0.0,0.0,0.0,0.8377151160568892,2.720105858849267e-17,2.720105858849267e-17,True,True,0.002891557291150093,2.2762222215533257e-05,0.007810475770384073,0.0029143195133656263,0.002891557291150093,1,0.00013550728908739984,0.00013550728908739984,1.2679222949341096e-10,43,173
1.6981733154466478,1.1317283445718986,easy_both_success,cube_single_dynamic_oracle,8391,38,1686753,1686778,2.0270383853978258,2.1484393936289787e-09,2.1484393936289787e-09,2.1484393936289787e-09,0.6653647559239211,3.4582192046465494e-08,3.4582192046465494e-08,True,True,0.003113724058493972,9.100488387048244e-05,0.028397060930728912,0.0032047289423644543,0.003113724058493972,2,0.00011927060404559597,0.00011927060404559597,3.4063568818964995e-06,43,162
1.155432855759766,0.7054479306580425,easy_both_success,cube_single_dynamic_oracle,8464,39,1701401,1701426,4.664315267844732,0.2686358405259487,0.2686358405259487,0.2686358405259487,1.481930373074463,0.023949995270054744,0.023949995270054744,True,True,0.0027180162724107504,0.0007881307974457741,0.22429296374320984,0.003513845382258296,0.002725714584812522,3,0.0007545457920059562,0.0007545457920059562,1.0471192126715323e-06,43,137
1.5989201680197545,0.8784207679336764,easy_both_success,cube_single_dynamic_oracle,8918,40,1792672,1792697,3.953564830091894,0.015300756145307166,0.015300756145307166,0.015300756145307166,1.551859139017434,0.00935116120758254,0.00935116120758254,True,True,0.0029559347312897444,5.0801318138837814e-06,0.0017156718531623483,0.0029610160272568464,0.0029559358954429626,1,7.16700087650679e-05,7.16700087650679e-05,2.6125115959452216e-11,43,154
1.5058059080124122,0.8322598777778082,easy_both_success,cube_single_dynamic_oracle,8948,41,1798701,1798726,3.3852607652372377,0.0270727597356648,0.0270727597356648,0.0270727597356648,1.324089479836985,0.008717765861251501,0.008717765861251501,True,True,0.002506224438548088,-1.5550293028354645e-05,-0.006204668898135424,0.002506224438548088,0.0025217747315764427,1,3.0391585823963396e-05,3.0391585823963396e-05,4.1313230614292706e-11,43,153
1.1254979188715337,0.5851735905583122,easy_both_success,cube_single_dynamic_oracle,9327,42,1874870,1874895,2.9136191532175104,0.1527018761845933,0.1527018761845933,0.1527018761845933,1.0837597049208705,0.017404059789929767,0.017404059789929767,True,True,0.0031456556171178818,-8.158385753631592e-07,-0.0002593540702946484,0.0031456556171178818,0.003146471455693245,1,6.576370651600882e-05,6.576370651600882e-05,2.870710613667171e-12,43,143
1.60682217137131,1.0064242768850298,easy_both_success,cube_single_dynamic_oracle,9428,43,1895144,1895169,2.34192748020889,0.12132569620959271,0.12132569620959271,0.12132569620959271,0.7234427998664192,0.2762855338629663,0.2762855338629663,True,True,0.0018567921360954642,7.508089765906334e-06,0.004024212714284658,0.0018657287582755089,0.0018582206685096025,1,0.00016747726476751268,0.00016747726476751268,1.885922307209853e-09,43,116
1.7849518754734601,1.331085785641813,hard_both_fail,cube_single_dynamic_oracle,9451,44,1899691,1899716,6.379662289385015,0.42533617665595896,0.42533617665595896,0.42533617665595896,1.2229330093458488,0.1527774838884435,0.1527774838884435,False,False,0.0019739640410989523,-0.0002603791654109955,-0.13190674781799316,0.0019739640410989523,0.0022343432065099478,1,0.0007671514758840203,0.0007671514758840203,4.5833701278752415e-08,43,40
1.777951328307681,0.8311961288071956,easy_both_success,cube_single_dynamic_oracle,9517,45,1912997,1913022,0.9006707619795739,0.0,0.0,0.0,0.1772602973606504,3.8729554638363244e-17,3.8729554638363244e-17,True,True,0.0022236397489905357,5.5007170885801315e-05,0.0241394005715847,0.002278729807585478,0.0022237226366996765,2,0.0001891702995635569,0.0001891702995635569,8.939244011685332e-09,43,80
1.6194787943987126,0.8145470881584076,easy_both_success,cube_single_dynamic_oracle,9552,46,1920125,1920150,3.2143367309682707,0.0,0.0,0.0,1.0436250995421434,5.0471264689198766e-17,5.0471264689198766e-17,True,True,0.0019985241815447807,1.8940074369311333e-05,0.009388059377670288,0.002017464255914092,0.0019985241815447807,1,9.623810183256865e-05,9.623810183256865e-05,6.975490185467947e-10,43,173
2.0035177418861854,1.2439736589109354,easy_both_success,cube_single_dynamic_oracle,9646,47,1939016,1939041,2.6438006676652277,0.0,0.0,0.0,0.7891835358626909,3.537335788858655e-17,3.537335788858655e-17,True,True,0.004335989244282246,4.886230453848839e-05,0.01114343386143446,0.004384851548820734,0.004335989244282246,1,5.680860340362415e-05,5.680860340362415e-05,3.225339093027024e-11,43,170
1.0681324918787294,0.5730729182250655,easy_both_success,cube_single_dynamic_oracle,9899,48,1989793,1989818,3.0410487527272942,0.017747599663866732,0.017747599663866732,0.017747599663866732,1.2379068276552878,0.013705658246384617,0.013705658246384617,True,True,0.001367062795907259,6.332527846097946e-06,0.0046108560636639595,0.001373395323753357,0.001367062795907259,1,7.561928941868246e-05,7.561928941868246e-05,8.626432901337466e-13,43,94
1.2040170820925005,0.6717268324986864,easy_both_success,cube_single_dynamic_oracle,9978,49,2005720,2005745,3.4349532814097787,0.18371717163070342,0.18371717163070342,0.18371717163070342,1.0367140531549872,0.021620103548474285,0.021620103548474285,True,True,0.0018204371444880962,3.8016121834516525e-05,0.02045578509569168,0.0018584532663226128,0.0018204371444880962,2,0.00026964338030666113,0.00026964338030666113,3.5648373142294076e-10,43,142
1.0554715968666675,0.7228543070209676,depth_helped_k1_fail_k4_success,cube_single_dynamic_oracle,176,0,35518,35543,3.22649020138906,0.19364807754560082,0.19364807754560082,0.19364807754560082,1.0876016953271805,0.019815145283949363,0.019815145283949363,False,True,0.002123601268976927,5.1103997975587845e-06,0.0023994494695216417,0.0021298218052834272,0.0021247114054858685,1,0.00017170753562822938,0.00017170753562822938,8.939385898187879e-10,44,142
1.1992747253850817,0.8122436548262069,hard_both_fail,cube_single_dynamic_oracle,194,1,39102,39127,4.297234268683086,0.2628897920324382,0.2628897920324382,0.2628897920324382,1.4394759982164862,0.01785458752159121,0.01785458752159121,False,False,0.0024400176480412483,-2.5669578462839127e-05,-0.01052024308592081,0.0024400176480412483,0.0024656872265040874,1,0.00012183319631731138,0.00012183319631731138,3.650113891695561e-11,44,108
1.6640067793620719,1.0072203339019545,easy_both_success,cube_single_dynamic_oracle,872,2,175343,175368,2.1937105401102843,1.3442597091369452e-06,1.3442597091369452e-06,1.3442597091369452e-06,0.7534439052606916,2.3109611423822218e-06,2.3109611423822218e-06,True,True,0.002539645414799452,4.838453605771065e-06,0.00190154614392668,0.002544483868405223,0.002539645414799452,1,8.596534462412819e-05,8.596534462412819e-05,6.723719359058578e-10,44,71
0.8708157229596016,0.6068344327118296,easy_both_success,cube_single_dynamic_oracle,884,3,177772,177797,3.4032956001620285,0.0012262023884750976,0.0012262023884750976,0.0012262023884750976,1.4323036872169719,0.013258319175886428,0.013258319175886428,True,True,0.0018597593298181891,3.079185262322426e-07,0.0001655414525885135,0.0018600689945742488,0.0018597610760480165,1,4.476034519029781e-05,4.476034519029781e-05,2.2397055455918025e-13,44,88
1.341739221487368,0.6970377007433336,easy_both_success,cube_single_dynamic_oracle,1010,4,203070,203095,2.862348920203949,0.07388698903981764,0.07388698903981764,0.07388698903981764,1.1074975646760727,0.014469476519187629,0.014469476519187629,True,True,0.0027139519806951284,2.943212166428566e-05,0.010728342458605766,0.0027433987706899643,0.0027139666490256786,1,8.233380503952503e-05,8.233380503952503e-05,9.0845185540811e-11,44,60
1.3932934390425789,0.9192378938433334,easy_both_success,cube_single_dynamic_oracle,1084,5,217952,217977,2.846778031859178,0.007962380224346251,0.007962380224346251,0.007962380224346251,1.1886973625709836,0.011381041336276472,0.011381041336276472,True,True,0.007359163835644722,1.424131914973259e-05,0.0019314440432935953,0.007373405154794455,0.007359163835644722,1,0.00011534719669725746,0.00011534719669725746,1.819455419660443e-10,44,68
1.223936607413056,0.840280039855957,easy_both_success,cube_single_dynamic_oracle,1225,6,246334,246359,4.673936426815912,0.28524942914919343,0.28524942914919343,0.28524942914919343,1.5047317877105808,0.020975696461038675,0.020975696461038675,True,True,0.001915189204737544,-2.0583625882864e-05,-0.010747567750513554,0.001915189204737544,0.001935772830620408,1,0.00024802418192848563,0.00024802418192848563,1.8959586678413132e-10,44,109
1.7881846310089387,1.0739350310239695,hard_both_fail,cube_single_dynamic_oracle,1623,7,326246,326271,6.079453372260934,0.39387665126985993,0.39387665126985993,0.39387665126985993,1.5864718617480933,0.043307816309838404,0.043307816309838404,False,False,0.003408176824450493,-1.4673685654997826e-05,-0.004305435344576836,0.003408176824450493,0.0034228505101054907,1,0.00013903481885790825,0.00013903481885790825,3.281721117076586e-09,44,23
1.7039974969237355,1.1223724121042518,easy_both_success,cube_single_dynamic_oracle,1630,8,327703,327728,1.4119007665365026,3.3704967813489636e-07,3.3704967813489636e-07,3.3704967813489636e-07,0.5109640541390343,6.877391878080873e-07,6.877391878080873e-07,True,True,0.005347720347344875,-6.481865420937538e-05,-0.012120801024138927,0.005347720347344875,0.005412539001554251,1,0.00014847665443085134,0.00014847665443085134,1.575388930419308e-09,44,73
1.6217046127972132,0.8942046210025582,easy_both_success,cube_single_dynamic_oracle,1807,9,363369,363394,1.7137768728256477,9.271109931006312e-10,9.271109931006312e-10,9.271109931006312e-10,0.6236083337277806,4.6288683885939816e-09,4.6288683885939816e-09,True,True,0.0025383285246789455,4.484551027417183e-05,0.017360622063279152,0.0025831740349531174,0.0025383285246789455,1,0.00014360019122250378,0.00014360019122250378,3.3768949858625774e-09,44,162
1.2569200737021824,0.7661155186075912,hard_both_fail,cube_single_dynamic_oracle,1971,10,396279,396304,4.195761600843961,0.22989872096800204,0.22989872096800204,0.22989872096800204,1.3780833181078862,0.029758072872193744,0.029758072872193744,False,False,0.0015623628860339522,-5.761976353824139e-06,-0.0036879885010421276,0.0015623628860339522,0.0015681248623877764,1,3.246015330660157e-05,3.246015330660157e-05,3.4235718426867123e-11,44,108
1.688428142671694,1.5348880134321894,hard_both_fail,cube_single_dynamic_oracle,2034,11,408875,408900,4.562091547830746,0.24107160143908204,0.24107160143908204,0.24107160143908204,2.21255358588775,0.7138140223161568,0.7138140223161568,False,False,0.004714333452284336,9.642494842410088e-05,0.02004360593855381,0.004810758400708437,0.004714333452284336,2,0.00033749089925549924,0.00033749089925549924,3.1824389790102714e-09,44,41
1.1512848814718175,0.651631314702626,hard_both_fail,cube_single_dynamic_oracle,2581,12,518791,518816,2.6698019949531133,0.08765919170276924,0.08765919170276924,0.08765919170276924,1.0984084050346197,0.018436422631071377,0.018436422631071377,False,False,0.0014378027990460396,1.2356322258710861e-06,0.0008586434996686876,0.0014390514697879553,0.0014378158375620842,1,5.4849118896527216e-05,5.4849118896527216e-05,1.302770283144461e-12,44,10
1.1402158935970266,0.6439668706780192,hard_both_fail,cube_single_dynamic_oracle,3379,13,679276,679301,2.7363767138774895,0.08810352383875346,0.08810352383875346,0.08810352383875346,0.9758554810456138,0.015733522531371363,0.015733522531371363,False,False,0.0021609379909932613,-7.375353015959263e-05,-0.03413033112883568,0.0021609379909932613,0.002234691521152854,1,0.0001396580773871392,0.0001396580773871392,3.57133145278965e-09,44,97
1.358013882291408,1.2061451090543687,hard_both_fail,cube_single_dynamic_oracle,3742,14,752190,752215,5.414935595694109,0.28405946465505716,0.28405946465505716,0.28405946465505716,1.6620128842229953,0.457355095518019,0.457355095518019,False,False,0.002007679548114538,0.0001660746056586504,0.07639322429895401,0.00217394414357841,0.0020078695379197598,2,0.0007282553124241531,0.0007282553124241531,4.145412617617694e-07,44,48
1.033592627049575,0.6572403585562825,easy_both_success,cube_single_dynamic_oracle,4013,15,806752,806777,3.2559772390676978,0.1742957717094623,0.1742957717094623,0.1742957717094623,1.0792110354771336,0.021395010322849822,0.021395010322849822,True,True,0.001956791151314974,1.7657876014709473e-06,0.0009015586692839861,0.0019585941918194294,0.0019568284042179585,1,0.000119644588266965,0.000119644588266965,1.4622489417220885e-12,44,139
0.9069605619141368,0.6680805965380293,depth_hurt_k1_success_k4_fail,cube_single_dynamic_oracle,4023,16,808759,808784,4.139705298409735,0.2599186436300518,0.2599186436300518,0.2599186436300518,1.2123513370218373,0.023071492257119873,0.023071492257119873,True,False,0.0011182817397639155,0.00020486628636717796,0.15483248233795166,0.0013231480261310935,0.0011182817397639155,2,0.0005235396092757583,0.0005235396092757583,7.155846759587803e-08,44,136
1.1922628158808173,0.7767144484403216,depth_helped_k1_fail_k4_success,cube_single_dynamic_oracle,4057,17,815563,815588,3.785777571364984,0.23888251479754533,0.23888251479754533,0.23888251479754533,1.2004338086412951,0.014906799861838824,0.014906799861838824,False,True,0.003957916516810656,7.528858259320259e-05,0.018667183816432953,0.004033205099403858,0.003957916516810656,1,7.586264837300405e-05,7.586264837300405e-05,2.7687304893220244e-08,44,106
1.7479758795632352,1.2162579900607815,easy_both_success,cube_single_dynamic_oracle,4113,18,826879,826904,1.540494912807883,2.24555514932127e-15,2.24555514932127e-15,2.24555514932127e-15,0.08779796104281458,5.3453228842163354e-15,5.3453228842163354e-15,True,True,0.0024958248250186443,-6.78282231092453e-06,-0.0027176677249372005,0.0024958248250186443,0.002502607647329569,1,5.2133626013528556e-05,5.2133626013528556e-05,2.3010822414182286e-11,44,166
1.949803555021543,1.002721220821311,easy_both_success,cube_single_dynamic_oracle,4114,19,827066,827091,3.1519999308747066,0.008485223996930795,0.008485223996930795,0.008485223996930795,1.1949167375095888,0.01080521614033978,0.01080521614033978,True,True,0.002941736951470375,-4.783971235156059e-06,-0.0016262403223663568,0.002941736951470375,0.002946520922705531,1,4.106954293092713e-05,4.106954293092713e-05,2.446201574635154e-11,44,152
1.1522162461970125,0.8366145691376995,easy_both_success,cube_single_dynamic_oracle,4418,20,888172,888197,3.451560563405941,0.015367266722040434,0.015367266722040434,0.015367266722040434,1.438946594726281,0.011574506729392591,0.011574506729392591,True,True,0.002240940695628524,2.5945482775568962e-05,0.011443523690104485,0.002267263364046812,0.002241317881271243,1,9.503855835646391e-05,9.503855835646391e-05,1.9107913473703775e-08,44,154
1.0638965281691746,0.6299899149623561,depth_hurt_k1_success_k4_fail,cube_single_dynamic_oracle,5238,21,1052941,1052966,2.8004776782139595,0.1514706271467262,0.1514706271467262,0.1514706271467262,1.107264484227547,0.00404750958968851,0.00404750958968851,True,False,0.002106796484440565,-1.137610524892807e-06,-0.0005399717483669519,0.002106796484440565,0.002107934094965458,1,3.955599095206708e-05,3.955599095206708e-05,2.6723586451365966e-12,44,103
1.6987493507804257,0.9526941274274532,easy_both_success,cube_single_dynamic_oracle,5347,22,1074831,1074856,2.8387724900477544,0.0,0.0,0.0,0.8331746718949304,4.870442424252966e-17,4.870442424252966e-17,True,True,0.0016536521725356579,1.5134806744754314e-05,0.009069345891475677,0.0016687869792804122,0.0016536521725356579,1,0.0001039803828462027,0.0001039803828462027,1.0627072555280392e-09,44,84
1.1690956191213198,0.6556343537244621,hard_both_fail,cube_single_dynamic_oracle,5435,23,1092537,1092562,2.986179753620465,0.1440822353478538,0.1440822353478538,0.1440822353478538,1.1101837759921045,0.017626800940995044,0.017626800940995044,False,False,0.0028661403339356184,1.0365620255470276e-05,0.003603545483201742,0.0028765059541910887,0.0028661403339356184,1,0.00012737174984067678,0.00012737174984067678,1.8034700399738313e-09,44,102
1.100553612554557,0.6132370986863165,hard_both_fail,cube_single_dynamic_oracle,5462,24,1097871,1097896,2.716694504969898,0.0700740067591258,0.0700740067591258,0.0700740067591258,1.1185420606941983,0.01295470497669615,0.01295470497669615,False,False,0.0011199400760233402,1.6273697838187218e-06,0.001450978103093803,0.001121567445807159,0.0011199400760233402,1,3.14349053951446e-05,3.14349053951446e-05,6.686884119339043e-13,44,9
1.5909105954653915,0.8098248035016233,easy_both_success,cube_single_dynamic_oracle,5863,25,1178554,1178579,4.303267505776996,0.003001895864619921,0.003001895864619921,0.003001895864619921,1.6535277936771136,0.007525876505270465,0.007525876505270465,True,True,0.0019680066034197807,1.0614516213536263e-05,0.005363944917917252,0.0019788637291640043,0.001968249212950468,1,0.00010369878145866096,0.00010369878145866096,2.942788027149312e-11,44,91
1.119072095458549,0.6207110656203654,easy_both_success,cube_single_dynamic_oracle,5913,26,1188604,1188629,3.3192093332575645,0.011881649801674688,0.011881649801674688,0.011881649801674688,1.3092235573262716,0.01583575373750412,0.01583575373750412,True,True,0.0013253460638225079,1.9789207726716995e-05,0.014711686410009861,0.0013451352715492249,0.0013253460638225079,1,7.633450150024146e-05,7.633450150024146e-05,3.9417688557641384e-10,44,91
1.6383501747535354,1.1481595185092985,hard_both_fail,cube_single_dynamic_oracle,6165,27,1239206,1239231,4.657644091970514,0.30938665916246894,0.30938665916246894,0.30938665916246894,1.0835980678768034,0.1621893249058926,0.1621893249058926,False,False,0.002989433240145445,0.00016514328308403492,0.05222317948937416,0.003162260167300701,0.0029971168842166662,2,0.0007832919945940375,0.0007832919945940375,2.869108151060118e-08,44,41
1.3600299180762907,1.0168502219318523,easy_both_success,cube_single_dynamic_oracle,6529,28,1312357,1312382,3.756199390151501,0.24798470540221057,0.24798470540221057,0.24798470540221057,0.8150898425691168,0.2063101798559308,0.2063101798559308,True,True,0.0017781731439754367,1.0087387636303902e-06,0.0005669677630066872,0.001779181882739067,0.0017781731439754367,1,3.420114080654457e-05,3.420114080654457e-05,1.2600923776640016e-11,44,28
0.9580069763671117,0.5770337269015566,hard_both_fail,cube_single_dynamic_oracle,6658,29,1338360,1338385,2.3814102364129788,0.10026232583324207,0.10026232583324207,0.10026232583324207,1.0442326542544291,0.008179738844633046,0.008179738844633046,False,False,0.0024968129582703114,0.0005036708898842335,0.16786321997642517,0.003000483848154545,0.0024968129582703114,3,0.00020548843895085156,0.00020548843895085156,1.3148108735094866e-07,44,102
1.074728471122687,0.6479396960758909,easy_both_success,cube_single_dynamic_oracle,6668,30,1340323,1340348,2.7295070851701193,0.12141306444878291,0.12141306444878291,0.12141306444878291,1.070094300896701,0.019377449649535992,0.019377449649535992,True,True,0.0020427778363227844,-2.09687277674675e-06,-0.0010264810407534242,0.0020427778363227844,0.002044874709099531,1,7.345464109675959e-05,7.345464109675959e-05,2.4510634407531873e-12,44,55
1.4520739997329963,0.8462003624326883,hard_both_fail,cube_single_dynamic_oracle,6777,31,1362194,1362219,4.053923843582119,0.2269554533946507,0.2269554533946507,0.2269554533946507,1.22326424647548,0.007498511419695173,0.007498511419695173,False,False,0.001964404247701168,4.831235855817795e-07,0.00024587372899986804,0.001964925555512309,0.0019644424319267273,1,1.3191127436584793e-05,1.3191127436584793e-05,4.566560888111248e-13,44,17
1.1802966124467702,1.0152654073477472,easy_both_success,cube_single_dynamic_oracle,6922,32,1391446,1391471,1.7121380544798772,0.07216831717701054,0.07216831717701054,0.07216831717701054,0.3718317952625876,0.02449313874605073,0.02449313874605073,True,True,0.004261753521859646,4.962226375937462e-05,0.011469889432191849,0.004326307214796543,0.0042766849510371685,1,0.00031576037872582674,0.00031576037872582674,2.3661630876858908e-08,44,124
1.1514078901992766,0.719601874027319,easy_both_success,cube_single_dynamic_oracle,7155,33,1438266,1438291,2.705518981135167,0.16401919753093894,0.16401919753093894,0.16401919753093894,0.7700284417128771,0.003005438125445068,0.003005438125445068,True,True,0.0017414307221770287,1.180451363325119e-07,6.778170063626021e-05,0.0017415487673133612,0.0017414307221770287,1,8.038331725401804e-05,8.038331725401804e-05,1.2422558641478343e-11,44,111
1.5042168220737882,0.772762508593006,hard_both_fail,cube_single_dynamic_oracle,7334,34,1474184,1474209,4.811472717037318,0.2770640491262318,0.2770640491262318,0.2770640491262318,1.3883505707301487,0.06129901351081251,0.06129901351081251,False,False,0.0019687670283019543,-1.407228410243988e-05,-0.007147765252739191,0.0019687670283019543,0.001982839312404394,1,0.00016091723227873445,0.00016091723227873445,4.761168126421467e-10,44,50
1.2739885003172442,1.070518840206458,easy_both_success,cube_single_dynamic_oracle,7414,35,1490337,1490362,1.5294098110604635,0.017646038241959035,0.017646038241959035,0.017646038241959035,0.19916339395011656,0.08466501541425023,0.08466501541425023,True,True,0.0017048167064785957,7.671304047107697e-06,0.004479624796658754,0.0017124880105257034,0.0017048167064785957,1,0.0002694834256544709,0.0002694834256544709,2.4775133056209597e-09,44,123
1.8373269011784767,1.23110401165838,easy_both_success,cube_single_dynamic_oracle,7973,36,1602734,1602759,1.8930650088738494,3.3362327978990806e-09,3.3362327978990806e-09,3.3362327978990806e-09,0.4885046168141576,2.9966736948239833e-08,2.9966736948239833e-08,True,True,0.0028128805570304394,1.0284828022122383e-05,0.0036430128384381533,0.0028231653850525618,0.0028128805570304394,1,8.195800182875246e-05,8.195800182875246e-05,3.783871826978924e-11,44,161
1.7306925979293788,0.9725921113241712,easy_both_success,cube_single_dynamic_oracle,8190,37,1646261,1646286,2.1421894092706846,3.2299915388641286e-06,3.2299915388641286e-06,3.2299915388641286e-06,0.8513219501053946,4.843129254060016e-05,4.843129254060016e-05,True,True,0.0039567421190440655,4.657916724681854e-05,0.011554590426385403,0.0040312260389328,0.003984646871685982,1,0.00012532017717603594,0.00012532017717603594,3.775028005748027e-07,44,71
1.5900587891908256,1.2060088812462737,easy_both_success,cube_single_dynamic_oracle,8453,38,1699214,1699239,1.6281471464897956,6.598139102723717e-07,6.598139102723717e-07,6.598139102723717e-07,0.5273837188696722,1.5954862599707004e-06,1.5954862599707004e-06,True,True,0.0026473719626665115,5.207490175962448e-06,0.0019631797913461924,0.002652579452842474,0.0026473719626665115,1,3.1536645110463724e-05,3.1536645110463724e-05,1.0069419256741874e-11,44,161
1.4027293969361971,0.5739200943186776,easy_both_success,cube_single_dynamic_oracle,8533,39,1715226,1715251,3.14992595090791,0.02292179350844331,0.02292179350844331,0.02292179350844331,1.2457043406281418,0.01642106765255584,0.01642106765255584,True,True,0.0033260933123528957,1.5743309631943703e-05,0.004710975103080273,0.0033418366219848394,0.0033260933123528957,1,0.00011786389950430021,0.00011786389950430021,1.0262007910100124e-09,44,93
1.2688472546909826,0.7373062193313215,easy_both_success,cube_single_dynamic_oracle,8572,40,1723103,1723128,4.443320715212491,0.28649953111099,0.28649953111099,0.28649953111099,1.1321902138933475,0.028666771855020357,0.028666771855020357,True,True,0.005195167381316423,0.00014054309576749802,0.026340089738368988,0.005335710477083921,0.005195167381316423,2,0.00029691559029743075,0.00029691559029743075,9.272201756393983e-11,44,131
1.497557193828509,0.9586286294973405,easy_both_success,cube_single_dynamic_oracle,9007,41,1810490,1810515,2.0255394088468965,0.0,0.0,0.0,0.5156951866040942,5.114464778221691e-18,5.114464778221691e-18,True,True,0.0026421621441841125,2.3885630071163177e-05,0.008958683349192142,0.0026661986485123634,0.0026423130184412003,1,0.0005118593689985573,0.0005118593689985573,1.729132670380551e-10,44,83
1.7384072989554604,0.8364279196569178,easy_both_success,cube_single_dynamic_oracle,9267,42,1862731,1862756,3.3902919894816548,0.012694817404757763,0.012694817404757763,0.012694817404757763,1.2602156666020201,0.0132992647169096,0.0132992647169096,True,True,0.0014347252435982227,3.170245327055454e-05,0.021616438403725624,0.001466589979827404,0.0014348875265568495,2,0.00010278771515004337,0.00010278771515004337,2.7572502059314274e-09,44,64
1.4843885046837653,0.7362727644587576,easy_both_success,cube_single_dynamic_oracle,9396,43,1888646,1888671,4.546102730948144,0.2669043917998447,0.2669043917998447,0.2669043917998447,1.27126244386852,0.08687539404706517,0.08687539404706517,True,True,0.0015318257501348853,3.9116013795137405e-05,0.02489396184682846,0.0015713053289800882,0.0015321893151849508,2,0.0004936807090416551,0.0004936807090416551,5.58599944078253e-10,44,50
1.7018301191867282,1.1854291645064567,depth_hurt_k1_success_k4_fail,cube_single_dynamic_oracle,9549,44,1919384,1919409,4.115655622632396,0.2574365007125848,0.2574365007125848,0.2574365007125848,1.1778495286778636,0.26964850644287497,0.26964850644287497,True,False,0.0017550609773024917,0.00010258960537612438,0.05521970987319946,0.0018578439485281706,0.0017552543431520462,2,0.0003414780949242413,0.0003414780949242413,5.6184115138080415e-09,44,35
1.3931397691786866,0.8210814642198381,easy_both_success,cube_single_dynamic_oracle,9686,45,1946995,1947020,4.342615762884802,0.2541996001777538,0.2541996001777538,0.2541996001777538,1.3990948057884072,0.02662639567022906,0.02662639567022906,True,True,0.00274478062056005,2.5494955480098724e-07,9.287659486290067e-05,0.002745035570114851,0.00274478062056005,1,4.5802178647136316e-05,4.5802178647136316e-05,4.8402740149278145e-11,44,109
1.2090996482693952,0.8647368749222906,hard_both_fail,cube_single_dynamic_oracle,9691,46,1947997,1948022,4.075266377812971,0.24684665015491486,0.24684665015491486,0.24684665015491486,1.2849919318559566,0.018849042648845262,0.018849042648845262,False,False,0.0017193842213600874,-1.196668017655611e-05,-0.006959863938391209,0.0017193842213600874,0.0017313509015366435,1,6.561452028108761e-05,6.561452028108761e-05,2.2117613296401828e-11,44,106
1.0506462336750841,0.7009337570424254,easy_both_success,cube_single_dynamic_oracle,9872,47,1984413,1984438,3.2003825640920995,0.19766368258201872,0.19766368258201872,0.19766368258201872,1.1095684167427686,0.019884972554609748,0.019884972554609748,True,True,0.002039897721260786,3.981171175837517e-06,0.0019478508038446307,0.0020438788924366236,0.002039897721260786,1,3.521116741467267e-05,3.521116741467267e-05,1.1982527817200328e-11,44,141
1.8206112917944606,1.199044961288449,easy_both_success,cube_single_dynamic_oracle,9911,48,1992274,1992299,1.6912584057845712,2.9284512859601067e-13,2.9284512859601067e-13,2.9284512859601067e-13,0.058573235478541645,5.05706381667204e-12,5.05706381667204e-12,True,True,0.0029265396296977997,-1.1431751772761345e-05,-0.003906235098838806,0.0029265396296977997,0.002937971381470561,1,5.484048597281799e-05,5.484048597281799e-05,5.374471701014016e-12,44,163
1.1300544532949437,0.7976377588777364,hard_both_fail,cube_single_dynamic_oracle,9940,49,1997959,1997984,3.408642918876692,0.22211918995494995,0.22211918995494995,0.22211918995494995,1.1109751236768557,0.08718298804725312,0.08718298804725312,False,False,0.0037399749271571636,-5.65103255212307e-06,-0.0015096828574314713,0.003743191948160529,0.003748842980712652,1,0.000289266841718927,0.000289266841718927,5.33884758624481e-07,44,19
